Product,Popularity,Price
Herdade Paco do Conde Reserva Branco,"230,354th","4,933 ₦"
Paulo Laureano Branco,"230,354th","1,973 ₦"
Paulo Laureano Vinhas Velhas Private Selection Branco,"230,354th","5,426 ₦"
Ribafreixo Pato Frio Antao Vaz,"230,354th","2,960 ₦"
Adega Cooperativa de Vidigueira 'Vila dos Gamas' Antao Vaz,"263,810th","1,480 ₦"
Adega Cooperativa de Vidigueira 'Ato V Decisao' Espumante,"263,810th","4,439 ₦"
Costa Vargas Branco,"263,810th","1,973 ₦"
Hobby Branco - White,"263,810th","3,453 ₦"
Herdade da Lisboa 'Paco dos Infantes' Antao Vaz,"263,810th","4,933 ₦"
Herdade do Peso Colheita Branco,"263,810th","3,453 ₦"
Herdade da Comporta Parus Branco,"263,810th","9,865 ₦"
Adega Mayor 'Solista' Antao Vaz,"313,560th","3,453 ₦"
Herdade da Maroteira Senhor Doutor d'Evoramonte Antao Vaz,"313,560th","3,453 ₦"
Herdade da Mingorra Reserva Branco,"313,560th","4,439 ₦"
Quinta do Quetzal Reserva Branco,"313,560th","8,385 ₦"
Carmim 'Monsaraz' Antao Vaz,"313,560th","2,960 ₦"
Sovibor 'Mamore de Borba' Vinhas Velhas Branco Vinho de Talha,"313,560th","18,251 ₦"
Poento Reserva Branco,"313,560th","4,439 ₦"
Ribafreixo Gaudio Espumante Brut Nature,"313,560th","6,906 ₦"
Paulo Laureano Reserva Branco,"313,560th","4,439 ₦"
Quinta do Quetzal 'Rich White' Vinho Licoroso,"18,744","18,744 ₦"
Ribafreixo 'Suserano' Antao Vaz,"3,453","3,453 ₦"
Sovibor Mamore Sem Amarras Curtimenta Antao Vaz,"11,345","11,345 ₦"
Sovibor 'Mamore de Borba' Curtimenta Grande Reserva Branco,"17,264","17,264 ₦"
Cartuxa Evora Reserva Tinto,"4,577th","20,717 ₦"
Herdade do Esporao Private Selection,"7,919th","27,129 ₦"
Herdade de Sao Miguel Reserva,"24,570th","7,399 ₦"
Herdade da Malhadinha Nova 'Monte de Peceguina',"26,130th","6,906 ₦"
Aplanta Tinto,"61,470th","4,439 ₦"
Eladio Pineiro La Coartada,"70,170th","12,332 ₦"
Quinta das Arcas Tapada de Villar Tinto Reserva,"72,222nd","7,399 ₦"
Herdade de Sao Miguel Private Collection,"102,936th","16,278 ₦"
Pago los Balancines 'Haragan' Reserva Especial,"118,157th","7,892 ₦"
Herdade da Comporta Parus Tinto,"124,579th","5,919 ₦"
Adega do Monte Branco 'Monte Branco' Tinto,"148,745th","13,811 ₦"
Quinta do Barranco Longo Private Selection,"187,123rd","3,453 ₦"
Pago los Balancines Crianza Coleccion,"187,123rd","3,946 ₦"
Quinta das Arcas Monte Penedo Gordo Tinto Reserva,"230,354th","6,906 ₦"
Ribafreixo 'Suserano' Seleccao Tinto,"313,560th","2,960 ₦"
Quinta da Confeiteira 'Deluto',"313,560th","4,933 ₦"
Herdade da Ajuda 'P' Premium,"7,892","7,892 ₦"
Monte Damiao Tinto,"4,933","4,933 ₦"
Quinta da Plansel Marques de Montemor Colheita Seleccionada,"5,919","5,919 ₦"
Las Perdices 'Ala Colorada' Ancelotta,"98,719th","6,906 ₦"
Fattoria Mancini Blu Marches IGT,"124,579th","17,264 ₦"
Battistello Ancellotta,"171,866th","2,960 ₦"
Rietine 'Primero' Toscana IGT,"187,123rd","8,385 ₦"
Fattoria del Piccione 'Tintorio' Ancellotta Rubicone IGT,"230,354th","4,439 ₦"
Dal Pizzol Ancelotta,"230,354th","5,919 ₦"
Larentis 'Cepas Selecionadas' Ancellotta,"263,810th","6,412 ₦"
Don Laurindo Reserva Ancellotta,"263,810th","6,412 ₦"
Miguel Minni Premium Ancellotta,"263,810th","5,426 ₦"
Riunite Lancelotta,"263,810th","2,960 ₦"
Casa Valduga Identidade Ancellota,"313,560th","26,636 ₦"
Malajunta 'Perdona y Olvida' Negro Ancellota,"313,560th","5,426 ₦"
'Callejon del Crimen' Gran Reserva Ancellotta,"313,560th","5,426 ₦"
Passionate Wine Ineditos - Via Revolucionaria Ancellotta,"6,412","6,412 ₦"
Domaine l'Anglore Chemin de la Brune Rose,"22,138th","42,914 ₦"
Poivre d'Ane 'Chair a Canon',"124,579th","9,865 ₦"
Domaine d'Emile et Rose Aramon,"206,051st","4,933 ₦"
La Sorga 'Ah Ramon',"230,354th","9,372 ₦"
Clos Fantine Lanterne Rouge,"263,810th","10,358 ₦"
Terres Falmet Aramon,"4,439","4,439 ₦"
Gedeon Birtok Izsak Arany Sarfeher,"206,051st","1,480 ₦"
Somlo Kincse Kezmuves Kispince Sarfeher,"313,560th","4,933 ₦"
Moutard Pere et Fils 'Cepage Arbane' Vieilles Vignes Brut,"28,262nd","72,016 ₦"
Serge et Olivier Horiot Arbane Brut Nature,"63,065th","36,501 ₦"
Noel Leblond-Lenoir Arbane Brut,"206,051st","18,744 ₦"
Claude Courtois Les Cailloux du Paradis 'Evidence',"94,794th","29,102 ₦"
Clos du Tue Boeuf Touraine Le Brin de Chevre,"112,542nd","9,372 ₦"
Mikael Bouges Water L'eau Blanc,"131,555th","8,385 ₦"
Les Capriades Menu Pineau Methode Ancestrale,"159,347th","14,305 ₦"
Laurent Lebled - A La Votre Vins Je T'ai Dans La Peau,"171,866th","15,784 ₦"
Domaine Le Clocher Sean and Brendan Tracey 'Oro Verde' Orbois,"171,866th","6,906 ₦"
Herve Villemade Cheverny Les Souchettes,"206,051st","11,838 ₦"
Domaine Frantz Saumon Un Saumon dans la Loire La Petite Gaule du Matin,"206,051st","8,879 ₦"
Henri Maire Arbois Cuvee Lumiere Blanc,"230,354th","12,825 ₦"
Jean-Francois Merieau Vignoble des Bois Vaudons Touraine Boa Moa,"263,810th","6,412 ₦"
Julien Courtois Le Clos de la Bruyere Esquiss,"263,810th","30,089 ₦"
Herve Villemade Orbois,"263,810th","8,385 ₦"
Henri Maire Arbois Cuvee Saint-Just,"313,560th","10,358 ₦"
Domaine de Veilloux 'Et Vie Danse' Brut Non Dose,"313,560th","9,865 ₦"
Herve Villemade Le Domaine du Moulin Cuvee Bulle,"12,332","12,332 ₦"
La Lunotte Le Haut Plessis,"9,865","9,865 ₦"
Quinta do Pinto Vinhas do Lasso Colheita Seleccionada Branco,"63,065th","4,439 ₦"
Quinta do Casal Monteiro Arinto - Fernao Pires,"66,387th","3,453 ₦"
Casa Santos Lima Portuga Branco,"66,387th","3,946 ₦"
Vinhos Aparte Superavit,"107,538th","5,919 ₦"
Quinta da Serradinha Branco,"107,538th","8,879 ₦"
Quinta da Boa Esperanca Reserva Branco,"112,542nd","7,399 ₦"
Encostas de Lisboa Branco,"112,542nd","1,480 ₦"
Quinta da Boa Esperanca Branco,"118,157th","4,933 ₦"
Jose Maria da Fonseca 'Waterdog' White,"118,157th","3,946 ₦"
Santo Isidro de Pegoes 'Fonte do Nico' Branco,"148,745th","1,480 ₦"
Altas Quintas Crescendo Branco,"159,347th","2,960 ₦"
Casa Ermelinda Freitas 'Monte da Baia' Branco,"159,347th","2,466 ₦"
Portas do Oriente Branco,"171,866th","1,973 ₦"
Rui Reguinga Terrenus Branco,"187,123rd","4,933 ₦"
Patrao Diogo Branco,"187,123rd","2,960 ₦"
Adega Cooperativa de Redondo 'Porta da Ravessa' Colheita Especial Branco,"206,051st","3,453 ₦"
Castelo do Sulco Selecao dos Enologos Branco,"206,051st","1,480 ₦"
Adega Cooperativa do Cartaxo 'Bridao' Colheita Tardia,"230,354th","5,919 ₦"
Quinta da Alorna Branco,"230,354th","2,466 ₦"
Casa Ermelinda Freitas 'Baia Azul' Branco,"230,354th","1,973 ₦"
SIVIPA Terras do Sado Branco,"230,354th","3,946 ₦"
Tapada do Chaves Espumante Bruto,"230,354th","4,933 ₦"
Herdade do Cebolal Lufinha 100/10 Branco,100,"33,542 ₦"
Adega Cooperativa de Redondo 'Anta da Serra' Branco,"263,810th","1,480 ₦"
Quinta do Carneiro Branco,"263,810th","3,453 ₦"
Casal Garcia Branco,"4,531st","2,960 ₦"
Broadbent Vinho Verde,"6,518th","3,946 ₦"
Quinta das Arcas Arca Nova,"25,319th","4,439 ₦"
Asnella Single Vineyard,"41,962nd","7,399 ₦"
Quinta das Arcas Conde Villar,"61,470th","2,466 ₦"
Quinta do Portal Trevo Branco,"76,709th","3,453 ₦"
Santola,"81,959th","3,453 ₦"
Casal Garcia Meio Seco Sparkling,"124,579th","3,946 ₦"
Caves Messias,"131,555th","1,973 ₦"
Cooperativa Agricola de Felgueiras Branco,"139,582nd","1,480 ₦"
Vinha das Margaridas Vinho Verde,"139,582nd","4,439 ₦"
Quinta D'amares Loureiro - Arinto,"171,866th","2,466 ₦"
Quinta das Arcas Tapada de Villar,"187,123rd","1,973 ₦"
Adega Casa da Torre 'Quinta do Cruzeiro',"206,051st","1,973 ₦"
Chapeleiro,"206,051st","5,426 ₦"
Acaso,"230,354th","3,453 ₦"
Quinta de Pacos Casa de Pacos Loureiro- Arinto,"230,354th","2,960 ₦"
Quintas do Homem 'Casa do Homem',"230,354th","4,933 ₦"
Quinta da Lixa Seixoso,"230,354th","1,973 ₦"
Adega do Salvador 'Portal da Calcada' Espumante Bruto,"263,810th","5,426 ₦"
Quintas do Homem 'Vale do Homem' Branco,"263,810th","4,439 ₦"
Herdade Dos Lagos HDL Branco,"313,560th","2,960 ₦"
Flavourit Branco,"313,560th","10,852 ₦"
Miogo Metodo Tradicional Reserva Bruto,"5,426","5,426 ₦"
La Cave des Vignerons Landais 'Douceur de Chalosse' Moelleux,"230,354th","1,480 ₦"
Domaine Betbeder Sec,"313,560th","2,960 ₦"
Telavi Wine Cellar Marani Alexandreuli,"131,555th","5,919 ₦"
Duruji Valley Aleksandrouli,"187,123rd","8,385 ₦"
Tsiskari Alexandrouli,"3,946","3,946 ₦"
Znovin Znojmo 'Terroir Club' Andre Pozdni Sber Suche,"263,810th","2,466 ₦"
PD Mojmirovce Andrejka Rose,"313,560th","2,466 ₦"
Karpatska 'Jagnet' Andre,"1,973","1,973 ₦"
Rodinne Vinarstvi Jedlicka Andre,"3,946","3,946 ₦"
Vinarstvi Vladimir Tetur Andre,"1,480","1,480 ₦"
Vinarstvi Zapletal Andre,"3,946","3,946 ₦"
Vinarstvi Dufek Rada Menage Andre Pozdni Sber Suche,"3,453","3,453 ₦"
Quinta de Cabriz 'Cabriz' Colheita Seleccionada Rose,"40,606th","2,466 ₦"
Quinta de Cabriz C Rose,"61,470th","3,453 ₦"
Insurgente Tinto,"98,719th","5,919 ₦"
Insurgente Premium Tinto,"187,123rd","10,358 ₦"
Allgo Tinto,"206,051st","5,426 ₦"
Caves Messias Quinta do Penedo Reserva,"206,051st","4,439 ₦"
Julia Kemper 'Curiosity',"230,354th","13,318 ₦"
Quinta da Mariposa Rose,"230,354th","1,973 ₦"
Julia Kemper 'Elpenor' Rose,"230,354th","4,439 ₦"
Quinta da Pellada 49 Tinto,49,"19,237 ₦"
Filipa Pato & William Wouter Lokal Silex,"263,810th","16,278 ₦"
Pedra Cancela Castas Nativas,"263,810th","4,439 ₦"
Adega Cooperativa Silgueiros Dom Daganel Grande Reserva Tinto,"313,560th","2,960 ₦"
Allgo Rose,"313,560th","3,453 ₦"
Caves Messias Quinta do Penedo,"313,560th","3,453 ₦"
Casa Agricola HMR Herdade do Monte da Ribeira 'Pousio' Rose,"3,453","3,453 ₦"
Quinta da Bica Rose,"2,960","2,960 ₦"
Quinta dos Roques Espumante Rose,"3,453","3,453 ₦"
Quinta do Escudial Rose,"3,453","3,453 ₦"
Herdade do Esporao Monte Velho Branco,"29,274th","3,453 ₦"
Fitapreta Branco,"51,345th","4,933 ₦"
Jose Maria da Fonseca BSE Branco Seco Especial,"61,470th","1,973 ₦"
Herdade da Malhadinha Nova 'Monte de Peceguina' Branco,"74,379th","5,919 ₦"
Paulo Laureano 'Inventum' Branco,"107,538th","4,439 ₦"
Reynolds 'Gloria Reynolds' Branco,"118,157th","12,332 ₦"
Herdade da Maroteira 'Dez Tostoes' Branco,"118,157th","3,946 ₦"
Conde d'Ervideira Branco Reserva,"118,157th","4,439 ₦"
Ribafreixo Pato Frio Grande Escolha Antao Vaz,"118,157th","4,439 ₦"
Paulo Laureano Dolium Escolha,"118,157th","12,332 ₦"
Herdade do Esporao Alandra Branco,"124,579th","1,973 ₦"
Herdade do Rocim Olho de Mocho Reserva Branco,"124,579th","5,919 ₦"
Herdade do Sobroso Barrique Select Reserva Branco,"124,579th","4,933 ₦"
Volte-Face Private Selection Branco,"131,555th","5,426 ₦"
Herdade da Calada Baron de B Reserva Branco,"131,555th","6,412 ₦"
Herdade Aldeia de Cima 'Alyantiju' Branco,"139,582nd","13,811 ₦"
Adega Cooperativa de Vidigueira Antao Vaz,"159,347th","2,466 ₦"
Quinta do Quetzal 'Guadalupe' Winemaker's Selection Branco,"159,347th","3,946 ₦"
Vinha d'Ervideira Antao Vaz Vindima Tardia,"159,347th","7,892 ₦"
Herdade do Perdigao Reserva Branco,"171,866th","6,906 ₦"
Herdade da Malhadinha Nova Antao Vaz da Malhadinha,"171,866th","5,919 ₦"
Herdade da Malhadinha Nova Vinha da Peceguina Antao Vaz,"171,866th","6,906 ₦"
Conde d'Ervideira 'Vinho da Agua' Branco,"187,123rd","6,906 ₦"
Paulo Laureano 'Bacalhau' Escolha Branco,"187,123rd","4,933 ₦"
Herdade do Arrepiado Velho Antao Vaz,"206,051st","5,426 ₦"
